{
  "Comment" : {
    "transaction" : "Comment",
    "sampleCount" : 1799,
    "errorCount" : 0,
    "errorPct" : 0.0,
    "meanResTime" : 3.52918287937743,
    "medianResTime" : 3.0,
    "minResTime" : 1.0,
    "maxResTime" : 95.0,
    "pct1ResTime" : 5.0,
    "pct2ResTime" : 6.0,
    "pct3ResTime" : 16.0,
    "throughput" : 5.98358256612208,
    "receivedKBytesPerSec" : 27.22939718690131,
    "sentKBytesPerSec" : 1.741316020219121
  },
  "go_To_site-54" : {
    "transaction" : "go_To_site-54",
    "sampleCount" : 1799,
    "errorCount" : 0,
    "errorPct" : 0.0,
    "meanResTime" : 3.7431906614785984,
    "medianResTime" : 3.0,
    "minResTime" : 2.0,
    "maxResTime" : 18.0,
    "pct1ResTime" : 6.0,
    "pct2ResTime" : 8.0,
    "pct3ResTime" : 11.0,
    "throughput" : 5.982607538950134,
    "receivedKBytesPerSec" : 35.843063722128,
    "sentKBytesPerSec" : 2.2902169485043484
  },
  "Comments" : {
    "transaction" : "Comments",
    "sampleCount" : 1799,
    "errorCount" : 79,
    "errorPct" : 4.3913283,
    "meanResTime" : 11.588104502501398,
    "medianResTime" : 9.0,
    "minResTime" : 4.0,
    "maxResTime" : 119.0,
    "pct1ResTime" : 16.0,
    "pct2ResTime" : 23.0,
    "pct3ResTime" : 65.0,
    "throughput" : 5.9827070169604255,
    "receivedKBytesPerSec" : 105.10903919500333,
    "sentKBytesPerSec" : 7.379788955977719
  },
  "Guest" : {
    "transaction" : "Guest",
    "sampleCount" : 1799,
    "errorCount" : 0,
    "errorPct" : 0.0,
    "meanResTime" : 17.95997776542525,
    "medianResTime" : 13.0,
    "minResTime" : 7.0,
    "maxResTime" : 224.0,
    "pct1ResTime" : 29.0,
    "pct2ResTime" : 46.0,
    "pct3ResTime" : 101.0,
    "throughput" : 5.9822295526795335,
    "receivedKBytesPerSec" : 122.62290469209309,
    "sentKBytesPerSec" : 8.622823066166983
  },
  "go_To_site-86" : {
    "transaction" : "go_To_site-86",
    "sampleCount" : 1799,
    "errorCount" : 0,
    "errorPct" : 0.0,
    "meanResTime" : 6.757087270705948,
    "medianResTime" : 3.0,
    "minResTime" : 1.0,
    "maxResTime" : 195.0,
    "pct1ResTime" : 8.0,
    "pct2ResTime" : 34.0,
    "pct3ResTime" : 84.0,
    "throughput" : 5.982746809090849,
    "receivedKBytesPerSec" : 26.9169857766347,
    "sentKBytesPerSec" : 1.7410728018643291
  },
  "go_To_Site" : {
    "transaction" : "go_To_Site",
    "sampleCount" : 16,
    "errorCount" : 0,
    "errorPct" : 0.0,
    "meanResTime" : 52.8125,
    "medianResTime" : 33.0,
    "minResTime" : 15.0,
    "maxResTime" : 266.0,
    "pct1ResTime" : 169.4000000000001,
    "pct2ResTime" : 266.0,
    "pct3ResTime" : 266.0,
    "throughput" : 0.06127122473519343,
    "receivedKBytesPerSec" : 2.8254022599508297,
    "sentKBytesPerSec" : 0.06629737988925226
  },
  "go_To_site-82" : {
    "transaction" : "go_To_site-82",
    "sampleCount" : 1799,
    "errorCount" : 0,
    "errorPct" : 0.0,
    "meanResTime" : 3.603668704836021,
    "medianResTime" : 3.0,
    "minResTime" : 2.0,
    "maxResTime" : 32.0,
    "pct1ResTime" : 6.0,
    "pct2ResTime" : 7.0,
    "pct3ResTime" : 10.0,
    "throughput" : 5.982687121093711,
    "receivedKBytesPerSec" : 24.02422797064193,
    "sentKBytesPerSec" : 2.301932349327072
  },
  "go_To_Site-185" : {
    "transaction" : "go_To_Site-185",
    "sampleCount" : 16,
    "errorCount" : 0,
    "errorPct" : 0.0,
    "meanResTime" : 10.4375,
    "medianResTime" : 7.5,
    "minResTime" : 2.0,
    "maxResTime" : 51.0,
    "pct1ResTime" : 26.500000000000025,
    "pct2ResTime" : 51.0,
    "pct3ResTime" : 51.0,
    "throughput" : 0.05694031231761306,
    "receivedKBytesPerSec" : 1.2582474483622543,
    "sentKBytesPerSec" : 0.023243213426525647
  },
  "Guest_book" : {
    "transaction" : "Guest_book",
    "sampleCount" : 16,
    "errorCount" : 0,
    "errorPct" : 0.0,
    "meanResTime" : 12.8125,
    "medianResTime" : 8.0,
    "minResTime" : 3.0,
    "maxResTime" : 69.0,
    "pct1ResTime" : 42.40000000000003,
    "pct2ResTime" : 69.0,
    "pct3ResTime" : 69.0,
    "throughput" : 0.05695186499560403,
    "receivedKBytesPerSec" : 0.38847818165153286,
    "sentKBytesPerSec" : 0.016573882586611327
  },
  "JDBC Request" : {
    "transaction" : "JDBC Request",
    "sampleCount" : 47,
    "errorCount" : 0,
    "errorPct" : 0.0,
    "meanResTime" : 8.510638297872337,
    "medianResTime" : 3.0,
    "minResTime" : 0.0,
    "maxResTime" : 181.0,
    "pct1ResTime" : 13.600000000000009,
    "pct2ResTime" : 28.799999999999898,
    "pct3ResTime" : 181.0,
    "throughput" : 0.1672972944112025,
    "receivedKBytesPerSec" : 0.440889967101165,
    "sentKBytesPerSec" : 0.0
  },
  "Debug Sampler" : {
    "transaction" : "Debug Sampler",
    "sampleCount" : 16,
    "errorCount" : 0,
    "errorPct" : 0.0,
    "meanResTime" : 0.5000000000000001,
    "medianResTime" : 0.0,
    "minResTime" : 0.0,
    "maxResTime" : 2.0,
    "pct1ResTime" : 2.0,
    "pct2ResTime" : 2.0,
    "pct3ResTime" : 2.0,
    "throughput" : 0.05699264082525344,
    "receivedKBytesPerSec" : 0.30988009171362624,
    "sentKBytesPerSec" : 0.0
  },
  "Customers" : {
    "transaction" : "Customers",
    "sampleCount" : 1799,
    "errorCount" : 0,
    "errorPct" : 0.0,
    "meanResTime" : 3.8554752640355723,
    "medianResTime" : 3.0,
    "minResTime" : 2.0,
    "maxResTime" : 38.0,
    "pct1ResTime" : 6.0,
    "pct2ResTime" : 8.0,
    "pct3ResTime" : 12.0,
    "throughput" : 5.9824682752933045,
    "receivedKBytesPerSec" : 35.846486837904706,
    "sentKBytesPerSec" : 2.290163636635718
  },
  "Total" : {
    "transaction" : "Total",
    "sampleCount" : 14503,
    "errorCount" : 79,
    "errorPct" : 0.54471487,
    "meanResTime" : 4.242846307660489,
    "medianResTime" : 3.0,
    "minResTime" : 0.0,
    "maxResTime" : 195.0,
    "pct1ResTime" : 6.0,
    "pct2ResTime" : 8.0,
    "pct3ResTime" : 30.0,
    "throughput" : 48.216203277358694,
    "receivedKBytesPerSec" : 306.1602152480875,
    "sentKBytesPerSec" : 18.357258834830496
  },
  "go_To_site" : {
    "transaction" : "go_To_site",
    "sampleCount" : 1800,
    "errorCount" : 0,
    "errorPct" : 0.0,
    "meanResTime" : 4.185555555555559,
    "medianResTime" : 3.0,
    "minResTime" : 0.0,
    "maxResTime" : 51.0,
    "pct1ResTime" : 7.0,
    "pct2ResTime" : 9.0,
    "pct3ResTime" : 13.0,
    "throughput" : 5.982252650470272,
    "receivedKBytesPerSec" : 76.00947267896906,
    "sentKBytesPerSec" : 2.3004864215327863
  },
  "OK" : {
    "transaction" : "OK",
    "sampleCount" : 1799,
    "errorCount" : 79,
    "errorPct" : 4.3913283,
    "meanResTime" : 4.546970539188431,
    "medianResTime" : 3.0,
    "minResTime" : 1.0,
    "maxResTime" : 112.0,
    "pct1ResTime" : 6.0,
    "pct2ResTime" : 11.0,
    "pct3ResTime" : 41.0,
    "throughput" : 5.982925880228408,
    "receivedKBytesPerSec" : 1.8261932127131353,
    "sentKBytesPerSec" : 3.336909798205122
  },
  "Main" : {
    "transaction" : "Main",
    "sampleCount" : 1799,
    "errorCount" : 0,
    "errorPct" : 0.0,
    "meanResTime" : 3.5119510839355232,
    "medianResTime" : 3.0,
    "minResTime" : 2.0,
    "maxResTime" : 15.0,
    "pct1ResTime" : 5.0,
    "pct2ResTime" : 6.0,
    "pct3ResTime" : 9.0,
    "throughput" : 5.983662174208054,
    "receivedKBytesPerSec" : 76.0696427576567,
    "sentKBytesPerSec" : 2.302307516248021
  },
  "go_To_site-1" : {
    "transaction" : "go_To_site-1",
    "sampleCount" : 1799,
    "errorCount" : 0,
    "errorPct" : 0.0,
    "meanResTime" : 4.18732629238466,
    "medianResTime" : 3.0,
    "minResTime" : 2.0,
    "maxResTime" : 51.0,
    "pct1ResTime" : 7.0,
    "pct2ResTime" : 9.0,
    "pct3ResTime" : 13.0,
    "throughput" : 5.981453835744424,
    "receivedKBytesPerSec" : 76.04156839230558,
    "sentKBytesPerSec" : 2.3014578235188505
  },
  "go_To_Site-255" : {
    "transaction" : "go_To_Site-255",
    "sampleCount" : 16,
    "errorCount" : 0,
    "errorPct" : 0.0,
    "meanResTime" : 4.062500000000001,
    "medianResTime" : 3.0,
    "minResTime" : 2.0,
    "maxResTime" : 12.0,
    "pct1ResTime" : 8.500000000000004,
    "pct2ResTime" : 12.0,